{
  "generation_date": "2026-01-17T22:48:15.627953",
  "n_taps_specified": 80000,
  "n_taps_actual": 80000,
  "sample_rate_input": 44100,
  "sample_rate_output": 705600,
  "upsample_ratio": 16,
  "passband_end_hz": 20000,
  "stopband_start_hz": 22050,
  "target_stopband_attenuation_db": 160,
  "kaiser_beta": 28.0,
  "minimum_phase_method": "homomorphic",
  "target_dc_gain": 16.0,
  "output_basename": "filter_44k_16x_80000_min_phase",
  "validation_results": {
    "passband_ripple_db": 2.486110375343742e-07,
    "input_band_peak": 15.840000009799613,
    "input_band_peak_normalized": 0.9900000006124758,
    "stopband_attenuation_db": 162.3665479335159,
    "peak_position": 35,
    "peak_threshold_samples": 800,
    "energy_ratio_first_to_second_half": 29905228538464.125,
    "meets_stopband_spec": true,
    "is_minimum_phase": true,
    "is_symmetric": false,
    "actual_taps": 80000,
    "normalization": {
      "original_dc_gain": 1.0000004073651265,
      "target_dc_gain": 16.0,
      "dc_gain_factor": 0.99,
      "normalized_dc_gain": 15.839999999999995,
      "applied_scale": 15.839993547339024,
      "l1_norm": 130.54469869398255,
      "l1_norm_ratio": 8.15904366837391,
      "max_coefficient_amplitude": 1.234608187309148,
      "normalization_applied": true
    }
  }
}
