{
  "generation_date": "2026-01-18T21:46:39.871909",
  "n_taps_specified": 80000,
  "n_taps_actual": 80000,
  "sample_rate_input": 44100,
  "sample_rate_output": 705600,
  "upsample_ratio": 16,
  "passband_end_hz": 20000,
  "stopband_start_hz": 22050,
  "target_stopband_attenuation_db": 140,
  "kaiser_beta": 25.0,
  "minimum_phase_method": "homomorphic",
  "target_dc_gain": 16.0,
  "output_basename": "filter_44k_16x_80000_min_phase",
  "validation_results": {
    "passband_ripple_db": 3.557170380474872e-07,
    "input_band_peak": 15.839999999999993,
    "input_band_peak_normalized": 0.9899999999999995,
    "stopband_attenuation_db": 158.43716757825666,
    "peak_position": 33,
    "peak_threshold_samples": 800,
    "energy_ratio_first_to_second_half": 29900288036838.79,
    "meets_stopband_spec": true,
    "is_minimum_phase": true,
    "is_symmetric": false,
    "actual_taps": 80000,
    "normalization": {
      "original_dc_gain": 1.0000004506663833,
      "target_dc_gain": 16.0,
      "dc_gain_factor": 0.99,
      "normalized_dc_gain": 15.839999999999998,
      "applied_scale": 15.839992861447705,
      "l1_norm": 127.00996600986187,
      "l1_norm_ratio": 7.938122875616367,
      "max_coefficient_amplitude": 1.2582629113682362,
      "normalization_applied": true
    }
  }
}
