{
  "generation_date": "2026-01-17T22:48:46.686633",
  "n_taps_specified": 80000,
  "n_taps_actual": 80000,
  "sample_rate_input": 48000,
  "sample_rate_output": 768000,
  "upsample_ratio": 16,
  "passband_end_hz": 20000,
  "stopband_start_hz": 24000,
  "target_stopband_attenuation_db": 160,
  "kaiser_beta": 28.0,
  "minimum_phase_method": "homomorphic",
  "target_dc_gain": 16.0,
  "output_basename": "filter_48k_16x_80000_min_phase",
  "validation_results": {
    "passband_ripple_db": 5.074886715306093e-07,
    "input_band_peak": 15.840000007101668,
    "input_band_peak_normalized": 0.9900000004438543,
    "stopband_attenuation_db": 155.00333711761354,
    "peak_position": 37,
    "peak_threshold_samples": 800,
    "energy_ratio_first_to_second_half": 28749581286075.574,
    "meets_stopband_spec": false,
    "is_minimum_phase": true,
    "is_symmetric": false,
    "actual_taps": 80000,
    "normalization": {
      "original_dc_gain": 1.0000004545667442,
      "target_dc_gain": 16.0,
      "dc_gain_factor": 0.99,
      "normalized_dc_gain": 15.839999999999995,
      "applied_scale": 15.839992799666044,
      "l1_norm": 129.79327266842412,
      "l1_norm_ratio": 8.112079541776508,
      "max_coefficient_amplitude": 1.1850292844591097,
      "normalization_applied": true
    }
  }
}