{
  "generation_date": "2026-01-17T22:49:10.072140",
  "n_taps_specified": 80000,
  "n_taps_actual": 80000,
  "sample_rate_input": 384000,
  "sample_rate_output": 768000,
  "upsample_ratio": 2,
  "passband_end_hz": 20000,
  "stopband_start_hz": 192000,
  "target_stopband_attenuation_db": 160,
  "kaiser_beta": 28.0,
  "minimum_phase_method": "homomorphic",
  "target_dc_gain": 2.0,
  "output_basename": "filter_48k_2x_80000_min_phase",
  "validation_results": {
    "passband_ripple_db": 2.0971638647893087e-08,
    "input_band_peak": 1.9799999999999993,
    "input_band_peak_normalized": 0.9899999999999997,
    "stopband_attenuation_db": 176.7514738677192,
    "peak_position": 6,
    "peak_threshold_samples": 800,
    "energy_ratio_first_to_second_half": 2164385761675.1877,
    "meets_stopband_spec": true,
    "is_minimum_phase": true,
    "is_symmetric": false,
    "actual_taps": 80000,
    "normalization": {
      "original_dc_gain": 1.0000001703068742,
      "target_dc_gain": 2.0,
      "dc_gain_factor": 0.99,
      "normalized_dc_gain": 1.9799999999999989,
      "applied_scale": 1.9799996627924465,
      "l1_norm": 19.754369444955024,
      "l1_norm_ratio": 9.877184722477512,
      "max_coefficient_amplitude": 0.7152242958340742,
      "normalization_applied": true
    }
  }
}